Exercise_ID,Exercise name,Position,Exercise group,Category_Code,Progression_Level,Difficulty,Equipment_Needed,Primary_Target,Contraindications,Exercise description
EX-BHF-001,DOUBLE KNEE TO CHEST STRETCH ,Supine,Bilateral hip flexion/low back flexion stretch,BHF,1,Basic,None,Multi,None,"While Lying on your back, raise your leg upand hold your thigh under your knee while gently pulling it towards your chest for a gentle stretch. Lower your leg down and repeat"
EX-BHF-002,Double knee to chest with swiss ball,Supine,Bilateral hip flexion/low back flexion stretch,BHF,2,Advanced,Stability Ball,Multi,None,Rolling ball towards chest until you feel astretch in the low back.
EX-BHF-003,Double Knee Chest Stretch,Supine,Bilateral hip flexion/low back flexion stretch,BHF,3,Basic,None,Multi,None,While laying on the back pull both knees uptowards the chest. Repeat.
EX-BHF-004,SEATED TRUNK FLEXION,Seated,Bilateral hip flexion/low back flexion stretch,BHF,4,Basic,None,Multi,None,"While in a seated position, cross your armsover your chest and slowly curl your backforward in order to round your upper back."
EX-BHF-005,Seated lumbar flexion,Seated,Bilateral hip flexion/low back flexion stretch,BHF,5,Basic,None,Thoracic,None,Sit as tall as possible. Let your trunk fallforward toward the ground. Hold your hands onthe ground once you get to the bottom and leteverything relax.
EX-BHF-006,SEATED LOW BACK STRETCH ,Seated,Bilateral hip flexion/low back flexion stretch,BHF,6,Basic,None,Thoracic,None,"While sitting in a chair, begin by slowly bendingforward and reaching your hands towards thefloor. Bend your trunk and head forward anddown. Hold, then return to starting position andrepeat."
EX-BR-001,Abdominal brace,Supine,Bracing,BR,1,Basic,None,Multi,None,"Laying on your back with your knees bent,draw in your belly button as if putting on a tightpair of pants. It should feel like you areflattening or pushing your back into thetable/bed."
EX-BR-002,Transverse Abdominus Activation,Supine,Bracing,BR,2,Intermediate,None,Core,None,Contract your lower abdominals as if you weretrying to lift one leg from the table. Initiate themovement but do no lift foot greater than 1inch from the table. Repeat opposite side.
EX-BR-003,BRACE HEEL SLIDES,Supine,Bracing,BR,3,Basic,None,Multi,None,"While lying on your back with your knees bent,slowly slide your heel forward on the floor/bedand then slide it back. Use your stomachmuscles to keep your spine from moving."
EX-BR-004,SUPINE 90 90 MARCHING--PELVIC BRACING,Supine,Bracing,BR,4,Intermediate,None,Core,None,"Start by lying on your back with knees bentand flattening your pelvis and low back downto the floor. Brace and hold this position as youraise up one leg at a time to TABLE TOPposition as shown. Your hips and knees shouldbe bent to approximately 90 degree angles. Donot allow your low back to arch upwards for theentire exercise.Next, lower one leg down close to touching thefloor. Return that leg to 90-90 position and thenrepeat on the other side."
EX-BR-005,BRACE SUPINE MARCHING,Supine,Bracing,BR,5,Basic,None,Multi,None,"While lying on your back with your knees bent,slowly raise up one foot a few inches and thenset it back down. Next, perform on your otherleg. Use your stomach muscles to keep yourspine from moving."
EX-BR-006,KNEE FALL OUT,Supine,Bracing,BR,6,Basic,None,Core,None,"While lying on your back with both knees bent,stabilize your spine by bracing your abdominalmuscles. Hold this contraction as you slowlylower one knee to the side. Your pelvis shouldnot move.You can place your thumbs on your pelvicbone to get feedback of any movements thatoccur. If your pelvis moves too much, then nexttime lower the leg less to maintain goodcontrol."
EX-BR-007,Bent Knee Fall Out Bilateral,Supine,Bracing,BR,7,Advanced,Stability Ball,Core,None,"Lay on back with knees bent. Tightenabdominals as if a bowling ball were about tobe dropped on abdomen. Be sure to not holdyour breath. Do not tighten abdominals in away that will change the neutral position of thespine. Slowly and under control, let one leg fallout to the side while maintaining pelvis inneutral. Return leg to starting position andperform on the other side. Relax.Make sure each repetition starts with a newabdominal contraction and alternate thestarting side."
EX-BR-008,Sahrmann Lower Abdominal-Level 1,Seated,Bracing,BR,8,Basic,None,Core,None,"Start with both knees bent, and your feet onthe floor. Tighten your abdominal muscles, likeyou are drawing your mid-section to your bellybutton. Your ribs should pull together and downslightly. Lift 1 leg to 90 degreed of hip flexion(pic 1), then lift the second leg to 90 degreeship flexion (pic 2). As you lift, make sure youare not letting your back arc. Lower the first legback to the starting position, then lower thesecond leg to the starting position. LIFT-LIFT;LOWER-LOWER. Only do as many as you canunfer GOOD control"
EX-BR-009,Supine Marching,Supine,Bracing,BR,9,Intermediate,None,Core,None,Lie down on your back with the feet on thefloor and your knees bent at 90 degrees. Thelow back should remain neutral or flat againstthe table through the whole exercise. Brace theabdominals and slowly raise one leg towardsthe ceiling while maintaining the same 90degree bend through the knee. Stop when thelower leg is parallel with the floor. Slowly lowerthe leg back down to the starting position.Repeat the motion with the other leg. Keep asteady breathing pattern through the wholeexercise.
EX-BR-010,DEAD BUG,Supine,Bracing,BR,10,Basic,None,Multi,None,"While lying on your back with your knees andhips bent to 90 degrees, use your stomachmuscles and maintain pelvic neutral position.Do not allow your spine to move.Hold pelvic neutral and then slowly straightenout a leg without touching the floor. At thesame time raise an opposite arm over head.Do not allow your spine to arch during thismovement.Return to starting position and then repeat onthe opposite side."
EX-BR-011,BRACE--BILATERAL BENT LEG LIFTS,Supine,Bracing,BR,11,Basic,None,Core,None,Lie on your back with your knees bent. Useyour abdominal muscles to press your lowerback into the floor / mat. Hold this while you liftwith your feet off the floor a few inches. Useyour stomach muscles to keep your spine frommoving the entire time.
EX-BR-012,BRACE--BICYCLE UNSUPPORTED,Supine,Bracing,BR,12,Basic,None,Multi,None,"While lying on your back with your knees bent,raise up both feet and straighten one out infront of you. Then return the leg back andstraighten the other. Use your stomachmuscles to keep your spine from moving."
EX-BR-013,BRACE--SINGLE KNEE EXTENSION SUPPORTED,Supine,Bracing,BR,13,Intermediate,None,Core,None,"Start by lying on your back with your kneesbent. Then, brace / tighten your abdominalmuscles so that your spine does not movewhile you straighten out one leg over theground as shown. Return your leg to startingposition and then perform on the other side.Use your abdominal muscles to prevent yourspine from moving the entire time."
EX-BR-014,TRANSVERSUS ABDOMINUS TRAINING--BRACING IN SITTING,Seated,Bracing,BR,14,Basic,None,Core,None,"This is to be performed while being seated.Press your finger tips into your relaxedabdomen lateral of your navel. Next, tightenand brace your abdomen so that the musclespush your finger tips away from the center ofyour body. Hold and then relax and repeat."
EX-BR-015,TRANSVERSUS ABDOMINUS TRAINING--BRACING IN STANDING,Standing,Bracing,BR,15,Basic,None,Core,None,"This can be performed standing or lying down.Press your finger tips into your relaxedabdomen lateral of your navel. Next, tightenand brace your abdomen so that the musclespush your finger tips away from the center ofyour body. Hold and then relax and repeat."
EX-BR-016,SEATED ALTERNATEARM AND LEGEXERCISE BALL,Seated,Bracing,BR,16,Advanced,Stability Ball,Core,None,"While seated on an exercise ball, tighten yourabdominal muscles and then raise a leg andopposite arm. Return limbs back down andthen raise the opposite side. Try and maintaina stable pelvis and spine the entire time."
EX-BR-017,CURL UP - TYPE 1,Supine,Bracing,BR,17,Basic,None,Thoracic,None,"While lying on your back with your arms out-stretched forward, partially curl up your trunkas you lift your shoulder blades off the ground.Return to lying down and repeat."
EX-BRG-001,Bridge,Supine,Bridging,BRG,1,Basic,None,Glutes,None,"While lying on your back with knees bent,tighten your lower abdominal muscles,squeeze your buttocks and then raise yourbuttocks off the floor/bed as creating a ""Bridge""with your body. Hold and then lower yourselfand repeat"
EX-BRG-002,Supine bridge,Supine,Bridging,BRG,2,Basic,None,Core,None,Lie down on your back and bend your knees so that your feet are flat on the table. Press your heels into the ground to lift your hips off ofthe table. You should stabilize through your core. Return to the starting position controlling your speed.
EX-BRG-003,HEEL BRIDGING,Supine,Bridging,BRG,3,Basic,None,Glutes,None,"While lying on your back, tighten your lowerabdominal muscles, squeeze your buttocks, liftyour toes and then raise your buttocks off thefloor/bed as creating a ""Bridge"" with your body.You should be pressing through your heels theentire time."
EX-BRG-004,BRIDGE,Supine,Bridging,BRG,4,Intermediate,None,Glutes,None,"While lying on your back, tighten your lowerabdominal muscles, squeeze your buttocksand then raise your buttocks off the floor/bedas creating a ""Bridge"" with your body.While holding this position, lift one leg whilemaintaining a level pelvis. Set it back to thefloor and then lift the opposite leg"
EX-BRG-005,BRIDGE,Supine,Bridging,BRG,5,Intermediate,None,Glutes,None,"While lying on your back, raise your buttocksoff the floor/bed into a bridge position.Next, raise and straighten one knee so thatonly the other leg is supporting your body.Then, return that leg back to the floor and thenalternate and perform on the other leg.Try and maintain your pelvis level the entiretime."
EX-BRG-006,BRIDGING ELASTIC BAND ABDUCTION,Supine,Bridging,BRG,6,Advanced,Resistance Band,Glutes,None,"While lying on your back, place an elastic bandaround your knees and pull your knees apart.Hold this and then tighten your lowerabdominal muscles, squeeze your buttocksand raise your buttocks off the floor/bed ascreating a ""Bridge"" with your body."
EX-BRG-007,BRIDGING WITH PILLOW SQUEEZE,Supine,Bridging,BRG,7,Basic,None,Glutes,None,"While lying on your back, place a pillowbetween your knees and squeeze the pillow.Hold this and then tighten your lowerabdominal muscles, squeeze your buttocksand raise your buttocks off the floor/bed ascreating a ""Bridge"" with your body."
EX-BRG-008,BRIDGING WITH RUBBER BALL SQUEEZE,Supine,Bridging,BRG,8,Advanced,Stability Ball,Glutes,None,"Lie on your back with knees bent. Place asmall rubber ball between your knees.Squeeze the ball with your knees and hold thepressure on the ball.While holding this pressure on the ball withyour knees, press through your heels as youraise your buttocks off the floor/bed creating abridge with your body. Return to startingposition and repeat."
EX-BRG-009,SINGLE LEG BRIDGE,Supine,Bridging,BRG,9,Basic,None,Glutes,None,"While lying on your back with your knees bent,extend one knee as shown.Next, raise your buttocks off the floor/bed.Try and maintain your pelvis level the entiretime."
EX-BRG-010,EXERCISE BALL FLOOR BRIDGE,Supine,Bridging,BRG,10,Advanced,Stability Ball,Glutes,None,"While lying on the floor, place an exercise ballunder your lower legs and then raise up yourbuttocks."
EX-BRG-011,MEDICINE BALL BRIDGE,Supine,Bridging,BRG,11,Advanced,Stability Ball,Glutes,None,"While lying on your back with knees bent,squeeze a ball between your knees and raiseyour buttocks off the floor/bed."
EX-CHP-001,Childs Pose,Quadruped,Child's pose,CHP,1,Basic,None,Multi,None,Start on all 4's and spread legs to make roomfor the belly.Heels can be close together.Sit back onto heels with arms straight outinfront of you.
EX-CHP-002,CHILD POSE ,Quadruped,Child's pose,CHP,2,Basic,None,Glutes,None,"While in a crawl position, slowly lower yourbuttocks towards your feet until a stretch is feltalong your back and or buttocks."
EX-CHP-003,CHILD POSE,Quadruped,Child's pose,CHP,3,Basic,None,Glutes,None,"While on your hand and knees in a crawlposition, slowly lower your buttocks towardsyour feet. Also, lower your chest towards thefloor as you reach out towards the side."
EX-CHP-004,Lumbar flexion with ball--seated L stretch with ball,Seated,Child's pose,CHP,4,Basic,None,Multi,None,Sit on a solid surface
EX-CHP-005,LOWER BACK/HAMSTRING STRETCH -STANDING - SUPPORTED,Standing,Child's pose,CHP,5,Basic,None,Hamstrings,None,"Start by standing with your feet together andyour hands on the back of a chair or countertop for support.Next, lean forward for a gentle stretch to yourlow back/hamstrings.Return up to starting position and repea"
EX-HF-001,Isometric Abdominal bracing,Supine,Hip flexion,HF,1,Advanced,Stability Ball,Core,None,Lie hooklying as shown in picture with neutralspine/core and pelvic floor engaged. Push withboth hands (from shoulders) into ball and hold___seconds. DO NOT hold your breath.
EX-HF-002,Straight Leg Raise,Supine,Hip flexion,HF,2,Basic,None,Multi,None,"While lying or sitting, raise up your leg with astraight knee. Keep the opposite knee bentwith the foot planted to the ground."
EX-HF-003,HIP FLEXION ISOMETRIC,Single Leg,Hip flexion,HF,3,Basic,None,Multi,None,"While lying on your back, raise up a knee intoand press it into your hands."
EX-HF-004,EXERCISE BALL--MARCHING,Seated,Hip flexion,HF,4,Advanced,Stability Ball,Multi,None,"While seated on an exercise ball, slowly raisea foot up off the floor. Return and then lift theopposite side.Maintain a stable and erect spine.Try to move your legs only"
EX-HF-005,Hamstring Curl with Stability Ball,Supine,Hip flexion,HF,5,Advanced,Stability Ball,Multi,None,Lie down on your back with your knees straightand your feet on the ball. Slowly curl the balltowards your body and return to the startingposition.
EX-HSE-001,QUADRUPED ALTERNATE ARM,Quadruped,Hip/shoulder extension,HSE,1,Basic,None,Multi,None,"While in a crawling position, slowly raise up anarm out in front of you."
EX-HSE-002,QUADRUPED ALTERNATE ARM AND LEG,Quadruped,Hip/shoulder extension,HSE,2,Basic,None,Core,None,"While in a crawl position, tighten/brace yourabdominal muscles and then slowly lift a legand opposite arm upwards. Your hip will moveinto hip extension on the way up. Lower legand arm down and then repeat with oppositeside.Maintain a level and stable pelvis and spinethe entire time."
EX-HSE-003,"QUADRUPED ALTERNATE ARM AND LEGWITH KNEE ELBOW TOUCHES ""BIRD DOGELBOW TOUCHES""",Quadruped,Hip/shoulder extension,HSE,3,Basic,None,Multi,None,"While in a crawling position, slowly lift your legand opposite arm upwards.When returning your arm and leg down, do nottouch the floor but instead touch your elbow toyour opposite knee and lift and straighten themagain. Then set them down on the floor. Next,perform on the other side and repeat."
EX-HSE-004,PRONE ALTERNATE ARM AND LEG,Prone,Hip/shoulder extension,HSE,4,Basic,None,Core,None,"While lying face down and keeping your lowerabdominal muscles tight, slowly raise up anarm and opposite leg. Slowly lower and thenraise the opposite side.Do not allow your spine to move the entiretime."
EX-HSE-005,PRONE ALTERNATE LEG,Prone,Hip/shoulder extension,HSE,5,Basic,None,Core,None,"While lying face down and keeping your lowerabdominal muscles tight, slowly raise up a leg.Slowly lower and then raise the opposite side.Do not allow your spine to move the entiretime."
EX-HSE-006,PRONE SUPERMAN,Prone,Hip/shoulder extension,HSE,6,Basic,None,Multi,None,"While lying face down, slowly raise your armsand legs upward off the ground. Then lowerslowly back to the ground."
EX-LTR-001,LOWER TRUNK ROTATIONS - LTR - WIGWAGS ,Supine,LTR,LTR,1,Basic,None,Multi,None,"Lying on your back with your knees bent,gently rotate your spine as you move yourknees to the side and then reverse directionsand move your knees to the other side. Repeatas you move through a comfortable range ofmotion."
EX-LTR-002,Lumbar Rotations,Supine,LTR,LTR,2,Basic,None,Multi,None,"Lying on your back with your knees bent,slowly drop your legs to one side and hold thestretch. Come back to the middle and switchsides. You should feel the stretch in your backon the opposite side that your legs are leaning.Complete this exercise for 3 minutes."
EX-LTR-003,ROTATIONAL QUADRATUS STRETCH,Supine,LTR,LTR,3,Intermediate,None,Multi,None,"While lying on your back, cross one leg on topof your knee as shown. Next, slowly lower yourknees down towards the ground on the sidewhich has the leg on top."
EX-LTR-004,EXERCISE BALL--SUPINE TRUNK ROTATION,Supine,LTR,LTR,4,Advanced,Stability Ball,Multi,None,"While lying on your back with an exercise ballunder your lower legs, slowly roll the ball sideto side to gently rotate your back."
EX-LTS-001,SIDE LYING QUADRATUS LUMBORUMSTRETCH - QL STRETCH,Side Lying,Lateral trunk stretch,LTS,1,Basic,None,Multi,None,"Start by lying on your side with your kneesbent. Next, lower your legs off the front of thetable/bed and allow your pelvis to bend for astretch to your lower back."
EX-LTS-002,SEATED LATERAL TRUNK STRETCH,Seated,Lateral trunk stretch,LTS,2,Basic,None,Multi,None,"While in a seated position, raise your arm overhead and bend your body to the opposite sidefor a stretch. Hold, return to starting positionand repeat."
EX-LFT-001,SQUAT WITH HIP HINGE--HIP AND BACK DISSASOCIATION DRILL,Standing,Lift training,LFT,1,Basic,None,Glutes,None,"When squatting, bend over at the waist, tightenyour stomach muscles by drawing in yournavel and keep your back straight whilebending at your hips. This will protect yourback from excessive loads.Your buttock should lower behind your feet asif you are going to sit on a seat. Emphasizeyour weight going through your heels.Also, for good knee alignment, do not let yourknees pass in front of your toes and keep yourknee in line with your 2nd toe (next to the bigtoe) as it bends."
EX-LFT-002,HIP AND BACK DISASSOCIATION DRILL--LEAN FORWARD WITH HIP HINGE,Standing,Lift training,LFT,2,Basic,None,Glutes,None,"When leaning forward, bend over at the waist,tighten your stomach muscles by drawing inyour navel and keep your back straight whilebending at your hips. This will protect yourback from excessive loads.Your buttock should lower behind your feet asif you are going to sit on a seat. Emphasizeyour weight going through your heels.Also, for good knee alignment, do not let yourknees pass in front of your toes and keep yourknee in line with your 2nd toe (next to the bigtoe) as it bends."
EX-LFT-003,KETTLEBELL DEADLIFT,Standing,Lift training,LFT,3,Advanced,Kettlebell,Multi,None,"Reach down and pick up a Kettlebell. Be surethat your back is flat the entire time. Hinge atyour hips, do not bend at the spine."
EX-LME-001,PRONE ON ELBOWS - POE,Prone,Lumbar extension progression,LME,1,Basic,None,Lumbar Extensors,None,"Lying face down, slowly press up and propyourself up on your elbows. Hold, lower backdown and repeat."
EX-LME-002,PRONE PRESS UPS,Prone,Lumbar extension progression,LME,2,Basic,None,Lumbar Extensors,None,"Lying face down, slowly press up and archyour back using your arms in straight position."
EX-LME-003,Prone Pressups,Prone,Lumbar extension progression,LME,3,Basic,None,Multi,None,Lie down on your stomach with your hands in apushup ready position. Push up onto yourhands and straighten your elbows; do not letyour hips raise off of the table. This motion willextend your back. Return to the startingposition.
EX-LME-004,Prone Press Ups,Prone,Lumbar extension progression,LME,4,Basic,None,Multi,None,"Lie flat on your stomach, with towel roll underyour forehead (for ease of breathing), andplace both arms out to the side, near shoulderheight. Slowly raise yourself up onto yourhands at a comfortable angle,and hold fordesired length of time. Slowly lower yourselfback to the mat, relax, and repeat as indicated."
EX-LME-005,Prone Press Up,Prone,Lumbar extension progression,LME,5,Basic,None,Multi,None,"Begin laying flat on your stomach. With handson either side of your face, press into theground and push your chest up off of thesurface."
EX-LME-006,Prone Press Up,Standing,Lumbar extension progression,LME,6,Basic,None,Multi,None,Start with your hands in push up position.Press your chest up as high as you can usingonly your arms. Try to keep your hips on themat and relax your stomach.Stop the exercise and return to prone on elbowposition if the pain or numbness moves furtheraway from the lower back. 
EX-LME-007,Mckenzie Extension Progression,Prone,Lumbar extension progression,LME,7,Basic,None,Lumbar Extensors,None,"Prone on Elbows - Lay propped up on yourelbows for 2-3 minutes. The pain or numbnessshould move closer to the lower back. If thepain moves toward the lower back, but seemsto stop moving then progress to the secondpicture.Stop the exercise if the pain or numbnessmoves further away from the lower back.Prone press ups - midrange - Starting withyour hands in push up position, press yourchest up using only your arms. Only lift yourchest off the bed. If the pain moves toward thecenter of your back but seems to stop movingthen progress to the 3rd picture. Stop the exercise if the pain or numbnessmoves further away from the lower back, or goback to prone press ups.Prone press ups - full range - Start with yourhands in push up position. Press your chest upas high as you can using only your arms. Try tokeep your hips on the mat and relax yourstomach.Stop the exercise and return to midrange pressups if the pain or numbness moves furtheraway from the lower back."
EX-LME-008,Standing lumbar extension,Standing,Lumbar extension progression,LME,8,Basic,None,Multi,None,Place elbows on wall. Allow hips to fall towardswall.
EX-LME-009,Back Extension,Standing,Lumbar extension progression,LME,9,Basic,None,Lumbar Extensors,None,"Standing lumbar extensionHands on the hips, keeping your gaze forward,gently press your hips forward to tolerance andreturn to neutral spinal position.*Perform with wall behind you for support"
EX-LME-010,STANDING EXTENSIONS,Standing,Lumbar extension progression,LME,10,Basic,None,Multi,None,Start by standing and place your hands onyour hips with your thumbs grasping your lowback. Lean back to arch your back then returnto starting position. Use your thumbs to helpisolate where you want to bend.
EX-LME-011,STANDING LUMBAR EXTENSION--POINTER FINGERS,Standing,Lumbar extension progression,LME,11,Basic,None,Multi,None,"Stand with your hands on your back with indexfingers towards the bottom and at the level ofyour spine in which you want to focus themovement/stretch. Next, lean back and extendyour spine at the level of your pointer/indexfingers. Return to standing up straight andrepeat."
EX-PP-001,CARP/TARP/Paloff Press,Standing,Paloff press,PP,1,Advanced,Resistance Band,Multi,None,"1. Stand with hands grasped on cable or band2. Stand perpendicular to cable source, withcable tension, holding to the center-line of thebody near abdomen.3. Press band outward, keeping band centeredon body without letting rotation occur, controlresistance for the entire time.4. Repeat on both sides.5. Alternatively or in conjunction, you maypress the band into an outward circle, endingin the start position."
EX-PP-002,PALLOF PRESS,Standing,Paloff press,PP,2,Advanced,Resistance Band,Multi,None,"Hold an elastic band, cord or pulley againstyour chest with it attached to the side. Next,slowly extend your arms forward and thenback. Do not allow your body to rotate theentire time."
EX-PP-003,Palloff Press (Antirotation punch) with light squat,Standing,Paloff press,PP,3,Advanced,Resistance Band,Multi,None,"With band secured to door or other stableobject, begin by facing 90 deg away fromband. While holding band, take 2-3 steps awayfrom anchor point (without twisting) untiltension is felt. Extend or ""press"" arms forwardas shown while gently bending the knees aspictured above. Hold before returning tostarting position. Repeat facing oppositedirection."
EX-PP-004,ELASTIC BAND STANDING TRUNKROTATION,Standing,Paloff press,PP,4,Advanced,Resistance Band,Thoracic,None,Hold an elastic band with your arms out in frontof you while in the standing position.Turn to the side as you rotate your trunk andhips. Your arms should be extended and infront of your chest the entire time.The elastic band should be anchored to theside of your body.
EX-PLC-001,POSTERIOR/ANTERIOR PELVIC TILT,Supine,Pelvic tilt,PLC,1,Basic,None,Multi,None,"Lie on back with knees bent, feet flat and legs shoulder width apart. Imagine a glass of wateron your belly button. Tilt your pelvis to spill the water onto your chest. Hold up to 10 seconds. Relax. Tilt pelvis to spill water in between yourlegs. Hold up to 10 seconds. Relax. Repeat"
EX-PLC-002,POSTERIOR PELVIC TILT,Supine,Pelvic tilt,PLC,2,Basic,None,Core,None,Lie on your back on a firm surface with knee scomfortably bent (top picture). Then flatten back against the table while contracting abdominal muscles as if pulling belly button toward ribs (bottom picture).
EX-PLC-003,Gluteal Set/Posterior Pelvic Tilt,Supine,Pelvic tilt,PLC,3,Basic,None,Glutes,None,"While lying supine with both legs bent(hooklying position) and feet flat on table,squeeze your gluteals to facilitate a posteriorpelvic tilt. The result is a slight lifting of theglutes off the mat"
EX-PLC-004,PELVIC TILT,Supine,Pelvic tilt,PLC,4,Basic,None,Multi,None,"Lie on your back with your knees bent. Next,arch your low back and then flatten it repeatedly. Your pelvis should tilt forward andback during the movement. Move through acomfortable range of motion."
EX-PLC-005,SUPINE PELVIC TILT WITH SMALL BALLSQUEEZE,Supine,Pelvic tilt,PLC,5,Advanced,Stability Ball,Multi,None,Lie on your back and perform a pelvic tilt. Thiscan be done by using your stomach muscles topress your low back into the floor/mat.Hold this while squeezing a small rubberball/rolled up towel or folded pillow betweenyour knees.Relax both your knees and your stomachmuscles and then repeat.
EX-PLC-006,Pelvic tilt / transverse Abdominal,Supine,Pelvic tilt,PLC,6,Basic,None,Core,None,In supine with knees bent and feet flat on flooryou want to activate your TRANSVERSE ABmuscle- visualize tilting your pelvis back justslightly and drawing in your belly button towardyour back bone. (basically like trying to zip upa tight pair of pants)You should feel the transverse Ab muscle pullin and away from your fingers. HOLD andrepeat
EX-PLC-007,PELVIC CLOCK AT 12--POSTERIOR PELVIC TILT,Supine,Pelvic tilt,PLC,7,Basic,None,Multi,None,"Lie on your back with your knees bent andyour feet flat on the ground approximatelypelvis width apart.Next, imagine a clock on your stomach/pelvisarea. Tilt your pelvis so that the clock tipstowards 12 o'clock (posterior tilt) and your lowback presses firmly against the floor.Have your thumbs placed on the front of yourpelvic bone (ASIS) so you can feel themovement. During the movement your pelvisrolls back (posterior tilt) and then back to arelaxed position.Repeat this with smooth controlled motions."
EX-PLC-008,Pelvic Tilt with March (I),Supine,Pelvic tilt,PLC,8,Intermediate,None,Multi,None,"Lie on back with knees bent up and both feeton mat. Tighten your stomach muscles andflatten your back against the table. Whileholding this position, lift one leg up keeping abend in the knee. Return leg down slowly.Alternate between lifting left and right legs,making sure to keep back flat on the table."
EX-PLC-009,PELVIC TILT--HIP FLEXION ISOMETRIC,Supine,Pelvic tilt,PLC,9,Basic,None,Multi,None,"Lie on your back with your knees bent. Next,press your lower back into the table/mat as youflatten your low back. Your pelvis should tiltback during this movement. Move through acomfortable range of motion only.While holding this position in your spine, raiseup one knee and press it into your hand."
EX-PLC-010,PELVIC TILT,Seated,Pelvic tilt,PLC,10,Basic,None,Multi,None,"While in a seated position, arch your low backand then flatten it repeatedly. Your pelvisshould tilt forward and back during themovement. Move through a comfortable rangeof motion."
EX-PLC-011,PELVIC TILT--EXERCISE BALL,Seated,Pelvic tilt,PLC,11,Advanced,Stability Ball,Multi,None,"Sit on a large exercise ball and place yourhands on your hips. Next, arch your low backand then flatten it repeatedly. Your pelvisshould tilt forward and back during themovement. Move through a comfortable rangeof motion."
EX-PLK-001,PLANK,Quadruped,Plank,PLK,1,Basic,None,Multi,None,"While lying face down, lift your body up on yourelbows and toes. Try and maintain a straightspine. Do not allow your hips or pelvis oneither side to drop. Maintain pelvic neutralposition the entire time."
EX-PLK-002,LATERAL PLANK,Side Lying,Plank,PLK,2,Basic,None,Multi,None,"While lying on your side, lift your body up onyour elbow and feet. Try and maintain astraight spine."
EX-PLK-003,LATERAL PLANK MODIFIED,Side Lying,Plank,PLK,3,Basic,None,Multi,None,"While lying on your side with your knees bent,lift your body up on your elbow and knees. Tryand maintain a straight spine."
EX-PLK-004,LATERAL PLANK WITH CLAMS,Side Lying,Plank,PLK,4,Basic,None,Multi,None,"While lying on your side with bent knees, liftyour body up on your elbow and knees. Next,raise up the upper most knee. Repeat.Try and maintain a straight spine."
EX-PLK-005,PLANK LATERAL WITH HIP ABDUCTION,Quadruped,Plank,PLK,5,Basic,None,Multi,None,"While lying on your side, lift your body up onyour elbow and feet. Next, slowly raise up thetop most leg upwards, then return. Try andmaintain a straight spine the entire time"
EX-QDS-001,ANGRY CAT STRETCH,Quadruped,Quadruped stretches,QDS,1,Basic,None,Multi,None,"While in a crawl position, draw up your spine toarch your back."
EX-QDS-002,CAT CAMEL/ Cat Cow,Quadruped,Quadruped stretches,QDS,2,Basic,None,Multi,None,"While on your hands and knees in a crawlposition, raise up your back and arch it towardsthe ceiling like an angry cat.Next return to a lowered position and arch yourback the opposite direction."
EX-RSC-001,ROW WITH THERABAND,Standing,Rows with stable core,RSC,1,Advanced,Resistance Band,Multi,None,"Anchor the bands in front of you at waist heightas shown. Begin with your arms straight infront of you, and pull your elbows next to yourbody, squeezing your shoulder blades. Slowlyreturn to the starting position and repeat"
EX-RSC-002,BALL SEATED ROWS,Seated,Rows with stable core,RSC,2,Advanced,Stability Ball,Multi,None,"While seated on an exercise ball, pull back onan elastic band in both arms as you bend yourelbows.Maintain erect posture the entire time"
EX-RSC-003,BALL SEATED SHOULDER EXTENSION,Seated,Rows with stable core,RSC,3,Advanced,Stability Ball,Multi,None,"Sit on an exercise ball while holding the endsof an elastic band with both hands. Set yourshoulder blades down and back and hold thisposition.Next, pull your arms down with your elbowsstraight until your arms are by your side. Then,raise your arms back up to starting positionand repeat.Maintain erect posture the entire time."
EX-RSC-004,ELASTIC BAND CHOPS - HIGH TO LOW,Standing,Rows with stable core,RSC,4,Advanced,Resistance Band,Thoracic,None,"Start by holding an elastic band with bothhands above your shoulder. Next, pulldownward and across your body towards theopposite side.Your trunk and hips should rotate whileperforming."
EX-SK-001,SINGLE KNEE TO CHEST STRETCH opposite knee bent,Supine,SKTC,SK,1,Basic,None,Multi,None,"While Lying on your back, raise your leg upand hold your thigh under your knee whilegently pulling it towards your chest for a gentlestretch. Lower your leg down and repeat."
EX-SK-002,SINGLE KNEE TO CHEST - opposite knee straight,Supine,SKTC,SK,2,Basic,None,Multi,None,"While Lying on your back, hold your knee andgently pull it up towards your chest."
EX-SK-003,MUSCLE ENERGY - SINGLE LEG - SI,Supine,SKTC,SK,3,Basic,None,Multi,None,"While lying on your back, raise up your kneeand press it into your hand. With the other leg,press your foot into the ground. Perform theseat the same time.Rest, then repeat on the same side"
EX-SGA-001,Glut Set,Supine,Seated glute activation,SGA,1,Basic,None,Glutes,None,Laying on your back squeeze your buttockstogether.
EX-SGA-002,Seated Hip Adduction,Seated,Seated glute activation,SGA,2,Basic,None,Multi,None,Sit on edge of seat with upright posture. Putpillow between knees. While maintainingproper posture squeeze pillow with knees andhold for 5 seconds. Relax 5 seconds andrepeat
EX-THE-001,TRUNK EXTENSION--TOWEL AROM MOBILIZATION,Seated,Thoracic extension,THE,1,Basic,None,Thoracic,None,"While sitting in a chair, extend your thoracicspine backwards over a rolled up towel againstthe back rest."
EX-THE-002,SPINE ROLL--FOAM ROLL,Spine,Thoracic extension,THE,2,Basic,Foam Roller,Multi,None,Start by lying on your back with a foam rollunder your back.Place your hands on your stomach and thenslowly roll forward and back across your backusing your legs as shown.
EX-THE-003,FOAM ROLL--TRUNK EXTENSION,Supine,Thoracic extension,THE,3,Basic,Foam Roller,Multi,None,Start by lying on your back with a foam rollunder your back. Next place your handsbehind your neck or across your chest.Then slowly extend your spine over the roll.
EX-THE-004,Thoracic Segmental Mobility StretchingExercise,Supine,Thoracic extension,THE,4,Basic,Foam Roller,Multi,None,"Use a 6 inch foam roller for this exercise- Lay on it crossways, placing it on a stiff spoton your spine- Place your hands behind your head forsupport and slowly lift your hips to increase thestretch on your backPerform the following option if directed by yourtherapist- Gently rock back and forth over the foamroller"
EX-THE-005,Thoracic Extension,Seated,Thoracic extension,THE,5,Basic,None,Glutes,None,Sit in a chair with your buttocks along the backof the chair. Interlock your hands and placethem behind your head and neck for support.Lean backwards over the back of the chair untilyou feel a comfortable stretch. Hold forinstructed time.
EX-THE-006,Thoracic Matrix Rotation Left,Seated,Thoracic extension,THE,6,Basic,None,Thoracic,None,"In seated position, patient will move slowlythrough full, pain free range of motion. Fullrotation ,right and left, of the trunk withscapular protraction and for mobility andstability of the spine."
EX-THE-007,Thoracic Extension,Seated,Thoracic extension,THE,7,Basic,None,Multi,None,"Sitting on a chair with the top hitting your midback, place your hands crossed on yourshoulders. Slowly tilt back so you arestretching your mid back. Hold for 20-30seconds. Release and repeat."
EX-THE-008,Seated Thoracic Extension,Seated,Thoracic extension,THE,8,Advanced,Stability Ball,Lumbar Extensors,None,"Seated in a chair with foam roller (1/2 foamroll, rolled up towel, or two tennis balls in sock)on a given point of your thoracic vertebrae.Place hands interlaced behind neck to inhibitmovement through cervical spine. Using thefoam roll as a fulcrum extension trunk over roll.Initiate movement from chest neck head orneck. Be aware of low back as well, it will wantto compensate for poor mobility in trunk. Keepas engaged and only allow movement inthoracic region. Repeat as instructed. THENmove roll up or down and repeat sequence."
EX-THR-001,TRUNK ROTATION STRETCH BILATERAL,Supine,Thoracic rotation,THR,1,Basic,None,Multi,None,"Start by lying on your back with your kneesbent.Next, slowly allow your knees to drop to theside as you rotate through your spine for agentle stretch. Then rotate to the other side fora gentle stretch. Repeat alternating sides."
EX-THR-002,Supine trunk rotation,Supine,Thoracic rotation,THR,2,Basic,None,Multi,None,"Starting position: arms in a ""T"" shape, kneesbentMovement: Lower both legs down to one side,keeping opposite shoulder on mat. Hold for 30seconds and rotate to other side.*Add rotation of head/neck to opposite side ifyou would like a neck stretch. Make sure yourhead is in a neutral position and chin tuckedwhen you rotate"
EX-THR-003,SIDE LYING TRUNK ROTATION,Side Lying,Thoracic rotation,THR,3,Basic,None,Multi,None,"While lying on your side with your arms out-stretched in front of your body, slowly twist yourupper body to the side and rotate your spine.Your arms and head should also be rotatingalong with the spine as shown. Follow yourhead with your hand."
EX-THR-004,Open Book,Side Lying,Thoracic rotation,THR,4,Basic,None,Multi,None,"Lie on your side with arms straight out andhands pressed together in front of you. Kneesare pulled up and bent towards the chest.From here, turn your torso so your back is lyingflat on the ground, and your arms have openedup like a book. Hold this position beforereturning to start."
EX-THR-005,Open Book,Side Lying,Thoracic rotation,THR,5,Basic,None,Multi,None,"Lying on your side, arms straight out in front ofyou. Keeping arms straight, move top armaway from bottom and try to reach back ofhand to opposite side of mat while keepinglower half still (legs don't move)."
EX-THR-006,THORACIC ROTATION,Quadruped,Thoracic rotation,THR,6,Basic,None,Glutes,None,"While in a crawl position, lower your buttock alittle towards your feet to get in a lower positionas shown.Next, with a hand behind your head, rotateyour body and your head to the side, thenreturn"
EX-THR-007,UPPER TRUNK ROTATIONS - UTR,Seated,Thoracic rotation,THR,7,Basic,None,Multi,None,"While sitting in a chair, cross your arms overyour chest and then rotate your upper bodyside-to-side."